iso_code,continent,location,date,Year,Quarter,Month,total_cases,new_cases
GBR,Europe,United Kingdom,31-01-20,2020,1,January,2,2
GBR,Europe,United Kingdom,01-02-20,2020,1,February,2,0
GBR,Europe,United Kingdom,02-02-20,2020,1,February,2,0
GBR,Europe,United Kingdom,03-02-20,2020,1,February,8,6
GBR,Europe,United Kingdom,04-02-20,2020,1,February,8,0
GBR,Europe,United Kingdom,05-02-20,2020,1,February,9,1
GBR,Europe,United Kingdom,06-02-20,2020,1,February,9,0
GBR,Europe,United Kingdom,07-02-20,2020,1,February,9,0
GBR,Europe,United Kingdom,08-02-20,2020,1,February,13,4
GBR,Europe,United Kingdom,09-02-20,2020,1,February,14,1
GBR,Europe,United Kingdom,10-02-20,2020,1,February,14,0
GBR,Europe,United Kingdom,11-02-20,2020,1,February,15,1
GBR,Europe,United Kingdom,12-02-20,2020,1,February,16,1
GBR,Europe,United Kingdom,13-02-20,2020,1,February,17,1
GBR,Europe,United Kingdom,14-02-20,2020,1,February,18,1
GBR,Europe,United Kingdom,15-02-20,2020,1,February,18,0
GBR,Europe,United Kingdom,16-02-20,2020,1,February,18,0
GBR,Europe,United Kingdom,17-02-20,2020,1,February,19,1
GBR,Europe,United Kingdom,18-02-20,2020,1,February,19,0
GBR,Europe,United Kingdom,19-02-20,2020,1,February,20,1
GBR,Europe,United Kingdom,20-02-20,2020,1,February,22,2
GBR,Europe,United Kingdom,21-02-20,2020,1,February,23,1
GBR,Europe,United Kingdom,22-02-20,2020,1,February,23,0
GBR,Europe,United Kingdom,23-02-20,2020,1,February,28,5
GBR,Europe,United Kingdom,24-02-20,2020,1,February,30,2
GBR,Europe,United Kingdom,25-02-20,2020,1,February,34,4
GBR,Europe,United Kingdom,26-02-20,2020,1,February,37,3
GBR,Europe,United Kingdom,27-02-20,2020,1,February,44,7
GBR,Europe,United Kingdom,28-02-20,2020,1,February,56,12
GBR,Europe,United Kingdom,29-02-20,2020,1,February,61,5
GBR,Europe,United Kingdom,01-03-20,2020,1,March,94,33
GBR,Europe,United Kingdom,02-03-20,2020,1,March,134,40
GBR,Europe,United Kingdom,03-03-20,2020,1,March,189,55
GBR,Europe,United Kingdom,04-03-20,2020,1,March,246,57
GBR,Europe,United Kingdom,05-03-20,2020,1,March,295,49
GBR,Europe,United Kingdom,06-03-20,2020,1,March,374,79
GBR,Europe,United Kingdom,07-03-20,2020,1,March,429,55
GBR,Europe,United Kingdom,08-03-20,2020,1,March,483,54
GBR,Europe,United Kingdom,09-03-20,2020,1,March,630,147
GBR,Europe,United Kingdom,10-03-20,2020,1,March,889,259
GBR,Europe,United Kingdom,11-03-20,2020,1,March,1301,412
GBR,Europe,United Kingdom,12-03-20,2020,1,March,1790,489
GBR,Europe,United Kingdom,13-03-20,2020,1,March,2270,480
GBR,Europe,United Kingdom,14-03-20,2020,1,March,2634,364
GBR,Europe,United Kingdom,15-03-20,2020,1,March,3077,443
GBR,Europe,United Kingdom,16-03-20,2020,1,March,3692,615
GBR,Europe,United Kingdom,17-03-20,2020,1,March,4462,770
GBR,Europe,United Kingdom,18-03-20,2020,1,March,5468,1006
GBR,Europe,United Kingdom,19-03-20,2020,1,March,6534,1066
GBR,Europe,United Kingdom,20-03-20,2020,1,March,7792,1258
GBR,Europe,United Kingdom,21-03-20,2020,1,March,9007,1215
GBR,Europe,United Kingdom,22-03-20,2020,1,March,10395,1388
GBR,Europe,United Kingdom,23-03-20,2020,1,March,12744,2349
GBR,Europe,United Kingdom,24-03-20,2020,1,March,15126,2382
GBR,Europe,United Kingdom,25-03-20,2020,1,March,17843,2717
GBR,Europe,United Kingdom,26-03-20,2020,1,March,20970,3127
GBR,Europe,United Kingdom,27-03-20,2020,1,March,24219,3249
GBR,Europe,United Kingdom,28-03-20,2020,1,March,27062,2843
GBR,Europe,United Kingdom,29-03-20,2020,1,March,29954,2892
GBR,Europe,United Kingdom,30-03-20,2020,1,March,34281,4327
GBR,Europe,United Kingdom,31-03-20,2020,1,March,38815,4534
GBR,Europe,United Kingdom,01-04-20,2020,2,April,43789,4974
GBR,Europe,United Kingdom,02-04-20,2020,2,April,48718,4929
GBR,Europe,United Kingdom,03-04-20,2020,2,April,53699,4981
GBR,Europe,United Kingdom,04-04-20,2020,2,April,57772,4073
GBR,Europe,United Kingdom,05-04-20,2020,2,April,61422,3650
GBR,Europe,United Kingdom,06-04-20,2020,2,April,66738,5316
GBR,Europe,United Kingdom,07-04-20,2020,2,April,72224,5486
GBR,Europe,United Kingdom,08-04-20,2020,2,April,77387,5163
GBR,Europe,United Kingdom,09-04-20,2020,2,April,82293,4906
GBR,Europe,United Kingdom,10-04-20,2020,2,April,86660,4367
GBR,Europe,United Kingdom,11-04-20,2020,2,April,90273,3613
GBR,Europe,United Kingdom,12-04-20,2020,2,April,93812,3539
GBR,Europe,United Kingdom,13-04-20,2020,2,April,98017,4205
GBR,Europe,United Kingdom,14-04-20,2020,2,April,102365,4348
GBR,Europe,United Kingdom,15-04-20,2020,2,April,107465,5100
GBR,Europe,United Kingdom,16-04-20,2020,2,April,112808,5343
GBR,Europe,United Kingdom,17-04-20,2020,2,April,117798,4990
GBR,Europe,United Kingdom,18-04-20,2020,2,April,122534,4736
GBR,Europe,United Kingdom,19-04-20,2020,2,April,126394,3860
GBR,Europe,United Kingdom,20-04-20,2020,2,April,131260,4866
GBR,Europe,United Kingdom,21-04-20,2020,2,April,136035,4775
GBR,Europe,United Kingdom,22-04-20,2020,2,April,141540,5505
GBR,Europe,United Kingdom,23-04-20,2020,2,April,146708,5168
GBR,Europe,United Kingdom,24-04-20,2020,2,April,151689,4981
GBR,Europe,United Kingdom,25-04-20,2020,2,April,155453,3764
GBR,Europe,United Kingdom,26-04-20,2020,2,April,158926,3473
GBR,Europe,United Kingdom,27-04-20,2020,2,April,163630,4704
GBR,Europe,United Kingdom,28-04-20,2020,2,April,168357,4727
GBR,Europe,United Kingdom,29-04-20,2020,2,April,173807,5450
GBR,Europe,United Kingdom,30-04-20,2020,2,April,178771,4964
GBR,Europe,United Kingdom,01-05-20,2020,2,May,183501,4730
GBR,Europe,United Kingdom,02-05-20,2020,2,May,186731,3230
GBR,Europe,United Kingdom,03-05-20,2020,2,May,189708,2977
GBR,Europe,United Kingdom,04-05-20,2020,2,May,193091,3383
GBR,Europe,United Kingdom,05-05-20,2020,2,May,196780,3689
GBR,Europe,United Kingdom,06-05-20,2020,2,May,200616,3836
GBR,Europe,United Kingdom,07-05-20,2020,2,May,204387,3771
GBR,Europe,United Kingdom,08-05-20,2020,2,May,207439,3052
GBR,Europe,United Kingdom,09-05-20,2020,2,May,209589,2150
GBR,Europe,United Kingdom,10-05-20,2020,2,May,211911,2322
GBR,Europe,United Kingdom,11-05-20,2020,2,May,215500,3589
GBR,Europe,United Kingdom,12-05-20,2020,2,May,218895,3395
GBR,Europe,United Kingdom,13-05-20,2020,2,May,222195,3300
GBR,Europe,United Kingdom,14-05-20,2020,2,May,224813,2618
GBR,Europe,United Kingdom,15-05-20,2020,2,May,227334,2521
GBR,Europe,United Kingdom,16-05-20,2020,2,May,229406,2072
GBR,Europe,United Kingdom,17-05-20,2020,2,May,231232,1826
GBR,Europe,United Kingdom,18-05-20,2020,2,May,233809,2577
GBR,Europe,United Kingdom,19-05-20,2020,2,May,236867,3058
GBR,Europe,United Kingdom,20-05-20,2020,2,May,239579,2712
GBR,Europe,United Kingdom,21-05-20,2020,2,May,242133,2554
GBR,Europe,United Kingdom,22-05-20,2020,2,May,244174,2041
GBR,Europe,United Kingdom,23-05-20,2020,2,May,245682,1508
GBR,Europe,United Kingdom,24-05-20,2020,2,May,247037,1355
GBR,Europe,United Kingdom,25-05-20,2020,2,May,248650,1613
GBR,Europe,United Kingdom,26-05-20,2020,2,May,250309,1659
GBR,Europe,United Kingdom,27-05-20,2020,2,May,252118,1809
GBR,Europe,United Kingdom,28-05-20,2020,2,May,253854,1736
GBR,Europe,United Kingdom,29-05-20,2020,2,May,255362,1508
GBR,Europe,United Kingdom,30-05-20,2020,2,May,256469,1107
GBR,Europe,United Kingdom,31-05-20,2020,2,May,257539,1070
GBR,Europe,United Kingdom,01-06-20,2020,2,June,258983,1444
GBR,Europe,United Kingdom,02-06-20,2020,2,June,260453,1470
GBR,Europe,United Kingdom,03-06-20,2020,2,June,261802,1349
GBR,Europe,United Kingdom,04-06-20,2020,2,June,263040,1238
GBR,Europe,United Kingdom,05-06-20,2020,2,June,264150,1110
GBR,Europe,United Kingdom,06-06-20,2020,2,June,264944,794
GBR,Europe,United Kingdom,07-06-20,2020,2,June,265662,718
GBR,Europe,United Kingdom,08-06-20,2020,2,June,266756,1094
GBR,Europe,United Kingdom,09-06-20,2020,2,June,267915,1159
GBR,Europe,United Kingdom,10-06-20,2020,2,June,269101,1186
GBR,Europe,United Kingdom,11-06-20,2020,2,June,270108,1007
GBR,Europe,United Kingdom,12-06-20,2020,2,June,271162,1054
GBR,Europe,United Kingdom,13-06-20,2020,2,June,272050,888
GBR,Europe,United Kingdom,14-06-20,2020,2,June,272857,807
GBR,Europe,United Kingdom,15-06-20,2020,2,June,273888,1031
GBR,Europe,United Kingdom,16-06-20,2020,2,June,274971,1083
GBR,Europe,United Kingdom,17-06-20,2020,2,June,275970,999
GBR,Europe,United Kingdom,18-06-20,2020,2,June,276990,1020
GBR,Europe,United Kingdom,19-06-20,2020,2,June,277974,984
GBR,Europe,United Kingdom,20-06-20,2020,2,June,278640,666
GBR,Europe,United Kingdom,21-06-20,2020,2,June,279264,624
GBR,Europe,United Kingdom,22-06-20,2020,2,June,280156,892
GBR,Europe,United Kingdom,23-06-20,2020,2,June,281038,882
GBR,Europe,United Kingdom,24-06-20,2020,2,June,281815,777
GBR,Europe,United Kingdom,25-06-20,2020,2,June,282512,697
GBR,Europe,United Kingdom,26-06-20,2020,2,June,283151,639
GBR,Europe,United Kingdom,27-06-20,2020,2,June,283785,634
GBR,Europe,United Kingdom,28-06-20,2020,2,June,284192,407
GBR,Europe,United Kingdom,29-06-20,2020,2,June,284812,620
GBR,Europe,United Kingdom,30-06-20,2020,2,June,285216,404
GBR,Europe,United Kingdom,01-07-20,2020,3,July,285279,63
GBR,Europe,United Kingdom,02-07-20,2020,3,July,285285,6
GBR,Europe,United Kingdom,03-07-20,2020,3,July,285787,502
GBR,Europe,United Kingdom,04-07-20,2020,3,July,286412,625
GBR,Europe,United Kingdom,05-07-20,2020,3,July,286931,519
GBR,Europe,United Kingdom,06-07-20,2020,3,July,287290,359
GBR,Europe,United Kingdom,07-07-20,2020,3,July,287874,584
GBR,Europe,United Kingdom,08-07-20,2020,3,July,288511,637
GBR,Europe,United Kingdom,09-07-20,2020,3,July,289154,643
GBR,Europe,United Kingdom,10-07-20,2020,3,July,289678,524
GBR,Europe,United Kingdom,11-07-20,2020,3,July,290504,826
GBR,Europe,United Kingdom,12-07-20,2020,3,July,291154,650
GBR,Europe,United Kingdom,13-07-20,2020,3,July,291691,537
GBR,Europe,United Kingdom,14-07-20,2020,3,July,292931,1240
GBR,Europe,United Kingdom,15-07-20,2020,3,July,293469,538
GBR,Europe,United Kingdom,16-07-20,2020,3,July,294116,647
GBR,Europe,United Kingdom,17-07-20,2020,3,July,294803,687
GBR,Europe,United Kingdom,18-07-20,2020,3,July,295632,829
GBR,Europe,United Kingdom,19-07-20,2020,3,July,296358,726
GBR,Europe,United Kingdom,20-07-20,2020,3,July,296944,586
GBR,Europe,United Kingdom,21-07-20,2020,3,July,297389,445
GBR,Europe,United Kingdom,22-07-20,2020,3,July,297952,563
GBR,Europe,United Kingdom,23-07-20,2020,3,July,298731,779
GBR,Europe,United Kingdom,24-07-20,2020,3,July,299500,769
GBR,Europe,United Kingdom,25-07-20,2020,3,July,300270,770
GBR,Europe,United Kingdom,26-07-20,2020,3,July,301020,750
GBR,Europe,United Kingdom,27-07-20,2020,3,July,301708,688
GBR,Europe,United Kingdom,28-07-20,2020,3,July,302261,553
GBR,Europe,United Kingdom,29-07-20,2020,3,July,303063,802
GBR,Europe,United Kingdom,30-07-20,2020,3,July,303910,847
GBR,Europe,United Kingdom,31-07-20,2020,3,July,304793,883
GBR,Europe,United Kingdom,01-08-20,2020,3,August,305562,769
GBR,Europe,United Kingdom,02-08-20,2020,3,August,306309,747
GBR,Europe,United Kingdom,03-08-20,2020,3,August,307251,942
GBR,Europe,United Kingdom,04-08-20,2020,3,August,307926,675
GBR,Europe,United Kingdom,05-08-20,2020,3,August,308832,906
GBR,Europe,United Kingdom,06-08-20,2020,3,August,309796,964
GBR,Europe,United Kingdom,07-08-20,2020,3,August,310696,900
GBR,Europe,United Kingdom,08-08-20,2020,3,August,311461,765
GBR,Europe,United Kingdom,09-08-20,2020,3,August,312574,1113
GBR,Europe,United Kingdom,10-08-20,2020,3,August,313392,818
GBR,Europe,United Kingdom,11-08-20,2020,3,August,314542,1150
GBR,Europe,United Kingdom,12-08-20,2020,3,August,315581,1039
GBR,Europe,United Kingdom,13-08-20,2020,3,August,316729,1148
GBR,Europe,United Kingdom,14-08-20,2020,3,August,318190,1461
GBR,Europe,United Kingdom,15-08-20,2020,3,August,319232,1042
GBR,Europe,United Kingdom,16-08-20,2020,3,August,320343,1111
GBR,Europe,United Kingdom,17-08-20,2020,3,August,321064,721
GBR,Europe,United Kingdom,18-08-20,2020,3,August,322177,1113
GBR,Europe,United Kingdom,19-08-20,2020,3,August,323008,831
GBR,Europe,United Kingdom,20-08-20,2020,3,August,324203,1195
GBR,Europe,United Kingdom,21-08-20,2020,3,August,325263,1060
GBR,Europe,United Kingdom,22-08-20,2020,3,August,326595,1332
GBR,Europe,United Kingdom,23-08-20,2020,3,August,327643,1048
GBR,Europe,United Kingdom,24-08-20,2020,3,August,328620,977
GBR,Europe,United Kingdom,25-08-20,2020,3,August,329821,1201
GBR,Europe,United Kingdom,26-08-20,2020,3,August,330967,1146
GBR,Europe,United Kingdom,27-08-20,2020,3,August,332509,1542
GBR,Europe,United Kingdom,28-08-20,2020,3,August,333806,1297
GBR,Europe,United Kingdom,29-08-20,2020,3,August,334916,1110
GBR,Europe,United Kingdom,30-08-20,2020,3,August,336668,1752
GBR,Europe,United Kingdom,31-08-20,2020,3,August,338083,1415
GBR,Europe,United Kingdom,01-09-20,2020,3,September,339415,1332
GBR,Europe,United Kingdom,02-09-20,2020,3,September,340929,1514
GBR,Europe,United Kingdom,03-09-20,2020,3,September,342708,1779
GBR,Europe,United Kingdom,04-09-20,2020,3,September,344686,1978
GBR,Europe,United Kingdom,05-09-20,2020,3,September,346513,1827
GBR,Europe,United Kingdom,06-09-20,2020,3,September,349500,2987
GBR,Europe,United Kingdom,07-09-20,2020,3,September,352453,2953
GBR,Europe,United Kingdom,08-09-20,2020,3,September,354934,2481
GBR,Europe,United Kingdom,09-09-20,2020,3,September,357615,2681
GBR,Europe,United Kingdom,10-09-20,2020,3,September,360546,2931
GBR,Europe,United Kingdom,11-09-20,2020,3,September,364090,3544
GBR,Europe,United Kingdom,12-09-20,2020,3,September,367594,3504
GBR,Europe,United Kingdom,13-09-20,2020,3,September,370932,3338
GBR,Europe,United Kingdom,14-09-20,2020,3,September,373557,2625
GBR,Europe,United Kingdom,15-09-20,2020,3,September,376672,3115
GBR,Europe,United Kingdom,16-09-20,2020,3,September,380679,4007
GBR,Europe,United Kingdom,17-09-20,2020,3,September,384089,3410
GBR,Europe,United Kingdom,18-09-20,2020,3,September,388418,4329
GBR,Europe,United Kingdom,19-09-20,2020,3,September,392847,4429
GBR,Europe,United Kingdom,20-09-20,2020,3,September,396746,3899
GBR,Europe,United Kingdom,21-09-20,2020,3,September,401124,4378
GBR,Europe,United Kingdom,22-09-20,2020,3,September,406060,4936
GBR,Europe,United Kingdom,23-09-20,2020,3,September,412247,6187
GBR,Europe,United Kingdom,24-09-20,2020,3,September,418891,6644
GBR,Europe,United Kingdom,25-09-20,2020,3,September,425769,6878
GBR,Europe,United Kingdom,26-09-20,2020,3,September,431819,6050
GBR,Europe,United Kingdom,27-09-20,2020,3,September,437519,5700
GBR,Europe,United Kingdom,28-09-20,2020,3,September,441575,4056
GBR,Europe,United Kingdom,29-09-20,2020,3,September,448731,7156
GBR,Europe,United Kingdom,30-09-20,2020,3,September,455848,7117
GBR,Europe,United Kingdom,01-10-20,2020,4,October,462777,6929
GBR,Europe,United Kingdom,02-10-20,2020,4,October,469771,6994
GBR,Europe,United Kingdom,03-10-20,2020,4,October,482656,12885
GBR,Europe,United Kingdom,04-10-20,2020,4,October,505621,22965
GBR,Europe,United Kingdom,05-10-20,2020,4,October,518224,12603
GBR,Europe,United Kingdom,06-10-20,2020,4,October,532781,14557
GBR,Europe,United Kingdom,07-10-20,2020,4,October,546954,14173
GBR,Europe,United Kingdom,08-10-20,2020,4,October,564504,17550
GBR,Europe,United Kingdom,09-10-20,2020,4,October,578392,13888
GBR,Europe,United Kingdom,10-10-20,2020,4,October,593567,15175
GBR,Europe,United Kingdom,11-10-20,2020,4,October,606449,12882
GBR,Europe,United Kingdom,12-10-20,2020,4,October,620460,14011
GBR,Europe,United Kingdom,13-10-20,2020,4,October,637710,17250
GBR,Europe,United Kingdom,14-10-20,2020,4,October,657461,19751
GBR,Europe,United Kingdom,15-10-20,2020,4,October,676457,18996
GBR,Europe,United Kingdom,16-10-20,2020,4,October,692114,15657
GBR,Europe,United Kingdom,17-10-20,2020,4,October,708300,16186
GBR,Europe,United Kingdom,18-10-20,2020,4,October,725294,16994
GBR,Europe,United Kingdom,19-10-20,2020,4,October,744124,18830
GBR,Europe,United Kingdom,20-10-20,2020,4,October,765489,21365
GBR,Europe,United Kingdom,21-10-20,2020,4,October,792196,26707
GBR,Europe,United Kingdom,22-10-20,2020,4,October,813453,21257
GBR,Europe,United Kingdom,23-10-20,2020,4,October,834012,20559
GBR,Europe,United Kingdom,24-10-20,2020,4,October,857045,23033
GBR,Europe,United Kingdom,25-10-20,2020,4,October,876842,19797
GBR,Europe,United Kingdom,26-10-20,2020,4,October,897742,20900
GBR,Europe,United Kingdom,27-10-20,2020,4,October,920666,22924
GBR,Europe,United Kingdom,28-10-20,2020,4,October,945380,24714
GBR,Europe,United Kingdom,29-10-20,2020,4,October,968458,23078
GBR,Europe,United Kingdom,30-10-20,2020,4,October,992876,24418
GBR,Europe,United Kingdom,31-10-20,2020,4,October,1014795,21919
GBR,Europe,United Kingdom,01-11-20,2020,4,November,1038056,23261
GBR,Europe,United Kingdom,02-11-20,2020,4,November,1057023,18967
GBR,Europe,United Kingdom,03-11-20,2020,4,November,1077101,20078
GBR,Europe,United Kingdom,04-11-20,2020,4,November,1102307,25206
GBR,Europe,United Kingdom,05-11-20,2020,4,November,1126471,24164
GBR,Europe,United Kingdom,06-11-20,2020,4,November,1149793,23322
GBR,Europe,United Kingdom,07-11-20,2020,4,November,1174772,24979
GBR,Europe,United Kingdom,08-11-20,2020,4,November,1195352,20580
GBR,Europe,United Kingdom,09-11-20,2020,4,November,1216749,21397
GBR,Europe,United Kingdom,10-11-20,2020,4,November,1237200,20451
GBR,Europe,United Kingdom,11-11-20,2020,4,November,1260200,23000
GBR,Europe,United Kingdom,12-11-20,2020,4,November,1293717,33517
GBR,Europe,United Kingdom,13-11-20,2020,4,November,1321033,27316
GBR,Europe,United Kingdom,14-11-20,2020,4,November,1347909,26876
GBR,Europe,United Kingdom,15-11-20,2020,4,November,1372886,24977
GBR,Europe,United Kingdom,16-11-20,2020,4,November,1394302,21416
GBR,Europe,United Kingdom,17-11-20,2020,4,November,1414362,20060
GBR,Europe,United Kingdom,18-11-20,2020,4,November,1434007,19645
GBR,Europe,United Kingdom,19-11-20,2020,4,November,1456943,22936
GBR,Europe,United Kingdom,20-11-20,2020,4,November,1477217,20274
GBR,Europe,United Kingdom,21-11-20,2020,4,November,1497138,19921
GBR,Europe,United Kingdom,22-11-20,2020,4,November,1515805,18667
GBR,Europe,United Kingdom,23-11-20,2020,4,November,1531270,15465
GBR,Europe,United Kingdom,24-11-20,2020,4,November,1542614,11344
GBR,Europe,United Kingdom,25-11-20,2020,4,November,1560875,18261
GBR,Europe,United Kingdom,26-11-20,2020,4,November,1578432,17557
GBR,Europe,United Kingdom,27-11-20,2020,4,November,1593253,14821
GBR,Europe,United Kingdom,28-11-20,2020,4,November,1609144,15891
GBR,Europe,United Kingdom,29-11-20,2020,4,November,1621308,12164
GBR,Europe,United Kingdom,30-11-20,2020,4,November,1633736,12428
GBR,Europe,United Kingdom,01-12-20,2020,4,December,1647233,13497
GBR,Europe,United Kingdom,02-12-20,2020,4,December,1663470,16237
GBR,Europe,United Kingdom,03-12-20,2020,4,December,1678421,14951
GBR,Europe,United Kingdom,04-12-20,2020,4,December,1694803,16382
GBR,Europe,United Kingdom,05-12-20,2020,4,December,1710382,15579
GBR,Europe,United Kingdom,06-12-20,2020,4,December,1727754,17372
GBR,Europe,United Kingdom,07-12-20,2020,4,December,1742528,14774
GBR,Europe,United Kingdom,08-12-20,2020,4,December,1754914,12386
GBR,Europe,United Kingdom,09-12-20,2020,4,December,1771548,16634
GBR,Europe,United Kingdom,10-12-20,2020,4,December,1792614,21066
GBR,Europe,United Kingdom,11-12-20,2020,4,December,1814398,21784
GBR,Europe,United Kingdom,12-12-20,2020,4,December,1835952,21554
GBR,Europe,United Kingdom,13-12-20,2020,4,December,1854493,18541
GBR,Europe,United Kingdom,14-12-20,2020,4,December,1874870,20377
GBR,Europe,United Kingdom,15-12-20,2020,4,December,1893439,18569
GBR,Europe,United Kingdom,16-12-20,2020,4,December,1918739,25300
GBR,Europe,United Kingdom,17-12-20,2020,4,December,1954271,35532
GBR,Europe,United Kingdom,18-12-20,2020,4,December,1982831,28560
GBR,Europe,United Kingdom,19-12-20,2020,4,December,2010080,27249
GBR,Europe,United Kingdom,20-12-20,2020,4,December,2046164,36084
GBR,Europe,United Kingdom,21-12-20,2020,4,December,2079681,33517
GBR,Europe,United Kingdom,22-12-20,2020,4,December,2116612,36931
GBR,Europe,United Kingdom,23-12-20,2020,4,December,2155999,39387
GBR,Europe,United Kingdom,24-12-20,2020,4,December,2195148,39149
GBR,Europe,United Kingdom,25-12-20,2020,4,December,2227951,32803
GBR,Europe,United Kingdom,26-12-20,2020,4,December,2262739,34788
GBR,Europe,United Kingdom,27-12-20,2020,4,December,2295232,32493
GBR,Europe,United Kingdom,28-12-20,2020,4,December,2336692,41460
GBR,Europe,United Kingdom,29-12-20,2020,4,December,2389967,53275
GBR,Europe,United Kingdom,30-12-20,2020,4,December,2440206,50239
GBR,Europe,United Kingdom,31-12-20,2020,4,December,2496235,56029
GBR,Europe,United Kingdom,01-01-21,2021,1,January,2549693,53458
GBR,Europe,United Kingdom,02-01-21,2021,1,January,2607546,57853
GBR,Europe,United Kingdom,03-01-21,2021,1,January,2662703,55157
GBR,Europe,United Kingdom,04-01-21,2021,1,January,2721626,58923
GBR,Europe,United Kingdom,05-01-21,2021,1,January,2782713,61087
GBR,Europe,United Kingdom,06-01-21,2021,1,January,2845269,62556
GBR,Europe,United Kingdom,07-01-21,2021,1,January,2898056,52787
GBR,Europe,United Kingdom,08-01-21,2021,1,January,2966248,68192
GBR,Europe,United Kingdom,09-01-21,2021,1,January,3026346,60098
GBR,Europe,United Kingdom,10-01-21,2021,1,January,3081372,55026
GBR,Europe,United Kingdom,11-01-21,2021,1,January,3127647,46275
GBR,Europe,United Kingdom,12-01-21,2021,1,January,3173295,45648
GBR,Europe,United Kingdom,13-01-21,2021,1,January,3220957,47662
GBR,Europe,United Kingdom,14-01-21,2021,1,January,3269761,48804
GBR,Europe,United Kingdom,15-01-21,2021,1,January,3325646,55885
GBR,Europe,United Kingdom,16-01-21,2021,1,January,3367074,41428
GBR,Europe,United Kingdom,17-01-21,2021,1,January,3405744,38670
GBR,Europe,United Kingdom,18-01-21,2021,1,January,3443354,37610
GBR,Europe,United Kingdom,19-01-21,2021,1,January,3476808,33454
GBR,Europe,United Kingdom,20-01-21,2021,1,January,3515800,38992
GBR,Europe,United Kingdom,21-01-21,2021,1,January,3553777,37977
GBR,Europe,United Kingdom,22-01-21,2021,1,January,3594098,40321
GBR,Europe,United Kingdom,23-01-21,2021,1,January,3627750,33652
GBR,Europe,United Kingdom,24-01-21,2021,1,January,3657861,30111
GBR,Europe,United Kingdom,25-01-21,2021,1,January,3680105,22244
GBR,Europe,United Kingdom,26-01-21,2021,1,January,3700272,20167
GBR,Europe,United Kingdom,27-01-21,2021,1,January,3725641,25369
GBR,Europe,United Kingdom,28-01-21,2021,1,January,3754452,28811
GBR,Europe,United Kingdom,29-01-21,2021,1,January,3783597,29145
GBR,Europe,United Kingdom,30-01-21,2021,1,January,3806997,23400
GBR,Europe,United Kingdom,31-01-21,2021,1,January,3828187,21190
GBR,Europe,United Kingdom,01-02-21,2021,1,February,3846855,18668
GBR,Europe,United Kingdom,02-02-21,2021,1,February,3863761,16906
GBR,Europe,United Kingdom,03-02-21,2021,1,February,3882976,19215
GBR,Europe,United Kingdom,04-02-21,2021,1,February,3903710,20734
GBR,Europe,United Kingdom,05-02-21,2021,1,February,3922914,19204
GBR,Europe,United Kingdom,06-02-21,2021,1,February,3941277,18363
GBR,Europe,United Kingdom,07-02-21,2021,1,February,3957181,15904
GBR,Europe,United Kingdom,08-02-21,2021,1,February,3971319,14138
GBR,Europe,United Kingdom,09-02-21,2021,1,February,3983760,12441
GBR,Europe,United Kingdom,10-02-21,2021,1,February,3996837,13077
GBR,Europe,United Kingdom,11-02-21,2021,1,February,4010380,13543
GBR,Europe,United Kingdom,12-02-21,2021,1,February,4025578,15198
GBR,Europe,United Kingdom,13-02-21,2021,1,February,4038933,13355
GBR,Europe,United Kingdom,14-02-21,2021,1,February,4049924,10991
GBR,Europe,United Kingdom,15-02-21,2021,1,February,4059700,9776
GBR,Europe,United Kingdom,16-02-21,2021,1,February,4070336,10636
GBR,Europe,United Kingdom,17-02-21,2021,1,February,4083096,12760
GBR,Europe,United Kingdom,18-02-21,2021,1,February,4095191,12095
GBR,Europe,United Kingdom,19-02-21,2021,1,February,4107290,12099
GBR,Europe,United Kingdom,20-02-21,2021,1,February,4117743,10453
GBR,Europe,United Kingdom,21-02-21,2021,1,February,4127578,9835
GBR,Europe,United Kingdom,22-02-21,2021,1,February,4138237,10659
GBR,Europe,United Kingdom,23-02-21,2021,1,February,4146760,8523
GBR,Europe,United Kingdom,24-02-21,2021,1,February,4156707,9947
GBR,Europe,United Kingdom,25-02-21,2021,1,February,4166727,10020
GBR,Europe,United Kingdom,26-02-21,2021,1,February,4175315,8588
GBR,Europe,United Kingdom,27-02-21,2021,1,February,4182772,7457
GBR,Europe,United Kingdom,28-02-21,2021,1,February,4188827,6055
GBR,Europe,United Kingdom,01-03-21,2021,1,March,4194289,5462
GBR,Europe,United Kingdom,02-03-21,2021,1,March,4200700,6411
GBR,Europe,United Kingdom,03-03-21,2021,1,March,4207120,6420
GBR,Europe,United Kingdom,04-03-21,2021,1,March,4213764,6644
GBR,Europe,United Kingdom,05-03-21,2021,1,March,4219788,6024
GBR,Europe,United Kingdom,06-03-21,2021,1,March,4225906,6118
GBR,Europe,United Kingdom,07-03-21,2021,1,March,4231166,5260
GBR,Europe,United Kingdom,08-03-21,2021,1,March,4235989,4823
GBR,Europe,United Kingdom,09-03-21,2021,1,March,4241858,5869
GBR,Europe,United Kingdom,10-03-21,2021,1,March,4247879,6021
GBR,Europe,United Kingdom,11-03-21,2021,1,March,4254714,6835
GBR,Europe,United Kingdom,12-03-21,2021,1,March,4261398,6684
GBR,Europe,United Kingdom,13-03-21,2021,1,March,4267015,5617
GBR,Europe,United Kingdom,14-03-21,2021,1,March,4271710,4695
GBR,Europe,United Kingdom,15-03-21,2021,1,March,4276840,5130
GBR,Europe,United Kingdom,16-03-21,2021,1,March,4282203,5363
GBR,Europe,United Kingdom,17-03-21,2021,1,March,4287996,5793
GBR,Europe,United Kingdom,18-03-21,2021,1,March,4294328,6332
GBR,Europe,United Kingdom,19-03-21,2021,1,March,4299200,4872
GBR,Europe,United Kingdom,20-03-21,2021,1,March,4304839,5639
GBR,Europe,United Kingdom,21-03-21,2021,1,March,4310195,5356
GBR,Europe,United Kingdom,22-03-21,2021,1,March,4315602,5407
GBR,Europe,United Kingdom,23-03-21,2021,1,March,4321019,5417
GBR,Europe,United Kingdom,24-03-21,2021,1,March,4326645,5626
GBR,Europe,United Kingdom,25-03-21,2021,1,March,4332922,6277
GBR,Europe,United Kingdom,26-03-21,2021,1,March,4339157,6235
GBR,Europe,United Kingdom,27-03-21,2021,1,March,4343066,3909
GBR,Europe,United Kingdom,28-03-21,2021,1,March,4347013,3947
GBR,Europe,United Kingdom,29-03-21,2021,1,March,4351796,4783
GBR,Europe,United Kingdom,30-03-21,2021,1,March,4355867,4071
GBR,Europe,United Kingdom,31-03-21,2021,1,March,4359982,4115
GBR,Europe,United Kingdom,01-04-21,2021,2,April,4364547,4565
GBR,Europe,United Kingdom,02-04-21,2021,2,April,4367969,3422
GBR,Europe,United Kingdom,03-04-21,2021,2,April,4371393,3424
GBR,Europe,United Kingdom,04-04-21,2021,2,April,4373798,2405
GBR,Europe,United Kingdom,05-04-21,2021,2,April,4376629,2831
GBR,Europe,United Kingdom,06-04-21,2021,2,April,4379033,2404
GBR,Europe,United Kingdom,07-04-21,2021,2,April,4381830,2797
GBR,Europe,United Kingdom,08-04-21,2021,2,April,4384954,3124
GBR,Europe,United Kingdom,09-04-21,2021,2,April,4380167,-4787
GBR,Europe,United Kingdom,10-04-21,2021,2,April,4382880,2713
GBR,Europe,United Kingdom,11-04-21,2021,2,April,4384610,1730
GBR,Europe,United Kingdom,12-04-21,2021,2,April,4388296,3686
GBR,Europe,United Kingdom,13-04-21,2021,2,April,4390801,2505
GBR,Europe,United Kingdom,14-04-21,2021,2,April,4393330,2529
GBR,Europe,United Kingdom,15-04-21,2021,2,April,4396096,2766
GBR,Europe,United Kingdom,16-04-21,2021,2,April,4398903,2807
GBR,Europe,United Kingdom,17-04-21,2021,2,April,4401176,2273
GBR,Europe,United Kingdom,18-04-21,2021,2,April,4403060,1884
GBR,Europe,United Kingdom,19-04-21,2021,2,April,4406114,3054
GBR,Europe,United Kingdom,20-04-21,2021,2,April,4408644,2530
GBR,Europe,United Kingdom,21-04-21,2021,2,April,4411068,2424
GBR,Europe,United Kingdom,22-04-21,2021,2,April,4413834,2766
GBR,Europe,United Kingdom,23-04-21,2021,2,April,4416588,2754
GBR,Europe,United Kingdom,24-04-21,2021,2,April,4418710,2122
GBR,Europe,United Kingdom,25-04-21,2021,2,April,4420443,1733
GBR,Europe,United Kingdom,26-04-21,2021,2,April,4422562,2119
GBR,Europe,United Kingdom,27-04-21,2021,2,April,4425259,2697
GBR,Europe,United Kingdom,28-04-21,2021,2,April,4427390,2131
GBR,Europe,United Kingdom,29-04-21,2021,2,April,4429849,2459
GBR,Europe,United Kingdom,30-04-21,2021,2,April,4432246,2397
GBR,Europe,United Kingdom,01-05-21,2021,2,May,4434157,1911
GBR,Europe,United Kingdom,02-05-21,2021,2,May,4435831,1674
GBR,Europe,United Kingdom,03-05-21,2021,2,May,4437505,1674
GBR,Europe,United Kingdom,04-05-21,2021,2,May,4439489,1984
GBR,Europe,United Kingdom,05-05-21,2021,2,May,4441644,2155
GBR,Europe,United Kingdom,06-05-21,2021,2,May,4444262,2618
GBR,Europe,United Kingdom,07-05-21,2021,2,May,4446752,2490
GBR,Europe,United Kingdom,08-05-21,2021,2,May,4448808,2056
GBR,Europe,United Kingdom,09-05-21,2021,2,May,4450578,1770
GBR,Europe,United Kingdom,10-05-21,2021,2,May,4452956,2378
GBR,Europe,United Kingdom,11-05-21,2021,2,May,4455446,2490
GBR,Europe,United Kingdom,12-05-21,2021,2,May,4457742,2296
GBR,Europe,United Kingdom,13-05-21,2021,2,May,4460405,2663
GBR,Europe,United Kingdom,14-05-21,2021,2,May,4462603,2198
GBR,Europe,United Kingdom,15-05-21,2021,2,May,4464663,2060
GBR,Europe,United Kingdom,16-05-21,2021,2,May,4466589,1926
GBR,Europe,United Kingdom,17-05-21,2021,2,May,4468582,1993
GBR,Europe,United Kingdom,18-05-21,2021,2,May,4466220,-2362
GBR,Europe,United Kingdom,19-05-21,2021,2,May,4468366,2146
GBR,Europe,United Kingdom,20-05-21,2021,2,May,4471065,2699
GBR,Europe,United Kingdom,21-05-21,2021,2,May,4473773,2708
GBR,Europe,United Kingdom,22-05-21,2021,2,May,4476297,2524
GBR,Europe,United Kingdom,23-05-21,2021,2,May,4478390,2093
GBR,Europe,United Kingdom,24-05-21,2021,2,May,4480760,2370
GBR,Europe,United Kingdom,25-05-21,2021,2,May,4483177,2417
GBR,Europe,United Kingdom,26-05-21,2021,2,May,4486168,2991
GBR,Europe,United Kingdom,27-05-21,2021,2,May,4489552,3384
GBR,Europe,United Kingdom,28-05-21,2021,2,May,4493582,4030
GBR,Europe,United Kingdom,29-05-21,2021,2,May,4496823,3241
GBR,Europe,United Kingdom,30-05-21,2021,2,May,4499937,3114
GBR,Europe,United Kingdom,31-05-21,2021,2,May,4503231,3294
GBR,Europe,United Kingdom,01-06-21,2021,2,June,4506333,3102
GBR,Europe,United Kingdom,02-06-21,2021,2,June,4510597,4264
GBR,Europe,United Kingdom,03-06-21,2021,2,June,4515778,5181
GBR,Europe,United Kingdom,04-06-21,2021,2,June,4521922,6144
GBR,Europe,United Kingdom,05-06-21,2021,2,June,4527577,5655
GBR,Europe,United Kingdom,06-06-21,2021,2,June,4532802,5225
GBR,Europe,United Kingdom,07-06-21,2021,2,June,4538399,5597
GBR,Europe,United Kingdom,08-06-21,2021,2,June,4544372,5973
GBR,Europe,United Kingdom,09-06-21,2021,2,June,4551694,7322
GBR,Europe,United Kingdom,10-06-21,2021,2,June,4558933,7239
GBR,Europe,United Kingdom,11-06-21,2021,2,June,4566893,7960
GBR,Europe,United Kingdom,12-06-21,2021,2,June,4574445,7552
GBR,Europe,United Kingdom,13-06-21,2021,2,June,4581779,7334
GBR,Europe,United Kingdom,14-06-21,2021,2,June,4589400,7621
GBR,Europe,United Kingdom,15-06-21,2021,2,June,4596994,7594
GBR,Europe,United Kingdom,16-06-21,2021,2,June,4605805,8811
GBR,Europe,United Kingdom,17-06-21,2021,2,June,4616628,10823
GBR,Europe,United Kingdom,18-06-21,2021,2,June,4626915,10287
GBR,Europe,United Kingdom,19-06-21,2021,2,June,4636991,10076
GBR,Europe,United Kingdom,20-06-21,2021,2,June,4646068,9077
GBR,Europe,United Kingdom,21-06-21,2021,2,June,4656536,10468
GBR,Europe,United Kingdom,22-06-21,2021,2,June,4668043,11507
GBR,Europe,United Kingdom,23-06-21,2021,2,June,4683986,15943
GBR,Europe,United Kingdom,24-06-21,2021,2,June,4700691,16705
GBR,Europe,United Kingdom,25-06-21,2021,2,June,4716065,15374
GBR,Europe,United Kingdom,26-06-21,2021,2,June,4734011,17946
GBR,Europe,United Kingdom,27-06-21,2021,2,June,4748644,14633
GBR,Europe,United Kingdom,28-06-21,2021,2,June,4771367,22723
GBR,Europe,United Kingdom,29-06-21,2021,2,June,4791628,20261
GBR,Europe,United Kingdom,30-06-21,2021,2,June,4817298,25670
GBR,Europe,United Kingdom,01-07-21,2021,3,July,4844944,27646
GBR,Europe,United Kingdom,02-07-21,2021,3,July,4871807,26863
GBR,Europe,United Kingdom,03-07-21,2021,3,July,4896272,24465
GBR,Europe,United Kingdom,04-07-21,2021,3,July,4920168,23896
GBR,Europe,United Kingdom,05-07-21,2021,3,July,4947274,27106
GBR,Europe,United Kingdom,06-07-21,2021,3,July,4975903,28629
GBR,Europe,United Kingdom,07-07-21,2021,3,July,5007964,32061
GBR,Europe,United Kingdom,08-07-21,2021,3,July,5040060,32096
GBR,Europe,United Kingdom,09-07-21,2021,3,July,5075945,35885
GBR,Europe,United Kingdom,10-07-21,2021,3,July,5107780,31835
GBR,Europe,United Kingdom,11-07-21,2021,3,July,5139162,31382
GBR,Europe,United Kingdom,12-07-21,2021,3,July,5173972,34810
GBR,Europe,United Kingdom,13-07-21,2021,3,July,5210472,36500
GBR,Europe,United Kingdom,14-07-21,2021,3,July,5252655,42183
GBR,Europe,United Kingdom,15-07-21,2021,3,July,5301296,48641
GBR,Europe,United Kingdom,16-07-21,2021,3,July,5353245,51949
GBR,Europe,United Kingdom,17-07-21,2021,3,July,5407428,54183
GBR,Europe,United Kingdom,18-07-21,2021,3,July,5455276,47848
GBR,Europe,United Kingdom,19-07-21,2021,3,July,5495947,40671
GBR,Europe,United Kingdom,20-07-21,2021,3,July,5542635,46688
GBR,Europe,United Kingdom,21-07-21,2021,3,July,5586716,44081
GBR,Europe,United Kingdom,22-07-21,2021,3,July,5626745,40029
GBR,Europe,United Kingdom,23-07-21,2021,3,July,5662838,36093
GBR,Europe,United Kingdom,24-07-21,2021,3,July,5694462,31624
GBR,Europe,United Kingdom,25-07-21,2021,3,July,5723399,28937
GBR,Europe,United Kingdom,26-07-21,2021,3,July,5748331,24932
GBR,Europe,United Kingdom,27-07-21,2021,3,July,5771732,23401
GBR,Europe,United Kingdom,28-07-21,2021,3,July,5797445,25713
GBR,Europe,United Kingdom,29-07-21,2021,3,July,5828316,30871
GBR,Europe,United Kingdom,30-07-21,2021,3,July,5857639,29323
GBR,Europe,United Kingdom,31-07-21,2021,3,July,5883421,25782
GBR,Europe,United Kingdom,01-08-21,2021,3,August,5907594,24173
GBR,Europe,United Kingdom,02-08-21,2021,3,August,5929881,22287
GBR,Europe,United Kingdom,03-08-21,2021,3,August,5951736,21855
GBR,Europe,United Kingdom,04-08-21,2021,3,August,5980887,29151
GBR,Europe,United Kingdom,05-08-21,2021,3,August,6010896,30009
GBR,Europe,United Kingdom,06-08-21,2021,3,August,6042529,31633
GBR,Europe,United Kingdom,07-08-21,2021,3,August,6070873,28344
GBR,Europe,United Kingdom,08-08-21,2021,3,August,6098117,27244
GBR,Europe,United Kingdom,09-08-21,2021,3,August,6123173,25056
GBR,Europe,United Kingdom,10-08-21,2021,3,August,6146642,23469
GBR,Europe,United Kingdom,11-08-21,2021,3,August,6176023,29381
GBR,Europe,United Kingdom,12-08-21,2021,3,August,6208908,32885
GBR,Europe,United Kingdom,13-08-21,2021,3,August,6241447,32539
GBR,Europe,United Kingdom,14-08-21,2021,3,August,6270673,29226
GBR,Europe,United Kingdom,15-08-21,2021,3,August,6297157,26484
GBR,Europe,United Kingdom,16-08-21,2021,3,August,6325515,28358
GBR,Europe,United Kingdom,17-08-21,2021,3,August,6352224,26709
GBR,Europe,United Kingdom,18-08-21,2021,3,August,6385982,33758
GBR,Europe,United Kingdom,19-08-21,2021,3,August,6422515,36533
GBR,Europe,United Kingdom,20-08-21,2021,3,August,6459643,37128
GBR,Europe,United Kingdom,21-08-21,2021,3,August,6491529,31886
GBR,Europe,United Kingdom,22-08-21,2021,3,August,6523563,32034
GBR,Europe,United Kingdom,23-08-21,2021,3,August,6555419,31856
GBR,Europe,United Kingdom,24-08-21,2021,3,August,6586181,30762
GBR,Europe,United Kingdom,25-08-21,2021,3,August,6621799,35618
GBR,Europe,United Kingdom,26-08-21,2021,3,August,6659916,38117
GBR,Europe,United Kingdom,27-08-21,2021,3,August,6697770,37854
GBR,Europe,United Kingdom,28-08-21,2021,3,August,6729912,32142
GBR,Europe,United Kingdom,29-08-21,2021,3,August,6762904,32992
GBR,Europe,United Kingdom,30-08-21,2021,3,August,6789189,26285
GBR,Europe,United Kingdom,31-08-21,2021,3,August,6821356,32167
GBR,Europe,United Kingdom,01-09-21,2021,3,September,6856933,35577
GBR,Europe,United Kingdom,02-09-21,2021,3,September,6894915,37982
GBR,Europe,United Kingdom,03-09-21,2021,3,September,6937270,42355
GBR,Europe,United Kingdom,04-09-21,2021,3,September,6973995,36725
GBR,Europe,United Kingdom,05-09-21,2021,3,September,7010540,36545
GBR,Europe,United Kingdom,06-09-21,2021,3,September,7051516,40976
GBR,Europe,United Kingdom,07-09-21,2021,3,September,7089051,37535
GBR,Europe,United Kingdom,08-09-21,2021,3,September,7127630,38579
GBR,Europe,United Kingdom,09-09-21,2021,3,September,7165200,37570
GBR,Europe,United Kingdom,10-09-21,2021,3,September,7202212,37012
GBR,Europe,United Kingdom,11-09-21,2021,3,September,7231111,28899
GBR,Europe,United Kingdom,12-09-21,2021,3,September,7259752,28641
GBR,Europe,United Kingdom,13-09-21,2021,3,September,7290168,30416
GBR,Europe,United Kingdom,14-09-21,2021,3,September,7316931,26763
GBR,Europe,United Kingdom,15-09-21,2021,3,September,7346832,29901
GBR,Europe,United Kingdom,16-09-21,2021,3,September,7373451,26619
GBR,Europe,United Kingdom,17-09-21,2021,3,September,7406017,32566
GBR,Europe,United Kingdom,18-09-21,2021,3,September,7435493,29476
GBR,Europe,United Kingdom,19-09-21,2021,3,September,7464791,29298
GBR,Europe,United Kingdom,20-09-21,2021,3,September,7500734,35943
GBR,Europe,United Kingdom,21-09-21,2021,3,September,7531922,31188
GBR,Europe,United Kingdom,22-09-21,2021,3,September,7565751,33829
GBR,Europe,United Kingdom,23-09-21,2021,3,September,7601598,35847
GBR,Europe,United Kingdom,24-09-21,2021,3,September,7637314,35716
GBR,Europe,United Kingdom,25-09-21,2021,3,September,7667290,29976
GBR,Europe,United Kingdom,26-09-21,2021,3,September,7700358,33068
GBR,Europe,United Kingdom,27-09-21,2021,3,September,7737941,37583
GBR,Europe,United Kingdom,28-09-21,2021,3,September,7772788,34847
GBR,Europe,United Kingdom,29-09-21,2021,3,September,7808054,35266
GBR,Europe,United Kingdom,30-09-21,2021,3,September,7843887,35833
GBR,Europe,United Kingdom,01-10-21,2021,4,October,7878571,34684
GBR,Europe,United Kingdom,02-10-21,2021,4,October,7908091,29520
GBR,Europe,United Kingdom,03-10-21,2021,4,October,7937810,29719
GBR,Europe,United Kingdom,04-10-21,2021,4,October,7972312,34502
GBR,Europe,United Kingdom,05-10-21,2021,4,October,8005502,33190
GBR,Europe,United Kingdom,06-10-21,2021,4,October,8044424,38922
GBR,Europe,United Kingdom,07-10-21,2021,4,October,8084322,39898
GBR,Europe,United Kingdom,08-10-21,2021,4,October,8119442,35120
GBR,Europe,United Kingdom,09-10-21,2021,4,October,8158935,39493
GBR,Europe,United Kingdom,10-10-21,2021,4,October,8192589,33654
GBR,Europe,United Kingdom,11-10-21,2021,4,October,8232327,39738
GBR,Europe,United Kingdom,12-10-21,2021,4,October,8270182,37855
GBR,Europe,United Kingdom,13-10-21,2021,4,October,8311851,41669
GBR,Europe,United Kingdom,14-10-21,2021,4,October,8356596,44745
GBR,Europe,United Kingdom,15-10-21,2021,4,October,8400983,44387
GBR,Europe,United Kingdom,16-10-21,2021,4,October,8443882,42899
GBR,Europe,United Kingdom,17-10-21,2021,4,October,8488685,44803
GBR,Europe,United Kingdom,18-10-21,2021,4,October,8537650,48965
GBR,Europe,United Kingdom,19-10-21,2021,4,October,8581278,43628
GBR,Europe,United Kingdom,20-10-21,2021,4,October,8630076,48798
GBR,Europe,United Kingdom,21-10-21,2021,4,October,8681795,51719
GBR,Europe,United Kingdom,22-10-21,2021,4,October,8730787,48992
GBR,Europe,United Kingdom,23-10-21,2021,4,October,8775889,45102
GBR,Europe,United Kingdom,24-10-21,2021,4,October,8814735,38846
GBR,Europe,United Kingdom,25-10-21,2021,4,October,8851104,36369
GBR,Europe,United Kingdom,26-10-21,2021,4,October,8894843,43739
